{
  "config": {
    "view": {
      "continuousWidth": 400,
      "continuousHeight": 300,
      "height": 500,
      "strokeWidth": 0,
      "width": 1100
    }
  },
  "vconcat": [
    {
      "layer": [
        {
          "data": {"name": "data-5c5e1dcd3e452dc88e2f9602244e6e63"},
          "mark": "trail",
          "encoding": {
            "color": {
              "field": "DIR",
              "scale": {
                "domain": ["Advancing", "Retreating"],
                "range": ["#DDAA00", "#444444"]
              },
              "title": "Direction",
              "type": "nominal"
            },
            "detail": {"field": "DIV", "type": "quantitative"},
            "latitude": {"field": "LATP", "type": "quantitative"},
            "longitude": {"field": "LONP", "type": "quantitative"},
            "size": {
              "field": "SURV",
              "scale": {"range": [5, 60]},
              "title": "Survival",
              "type": "quantitative"
            }
          }
        },
        {
          "data": {"name": "data-09a84a2cca3e202a740f0b269ef96a7e"},
          "mark": {"type": "text", "fontSize": 16},
          "encoding": {
            "latitude": {"field": "LATC", "type": "quantitative"},
            "longitude": {"field": "LONC", "type": "quantitative"},
            "text": {"field": "CITY", "type": "nominal"}
          }
        }
      ]
    }
  ],
  "$schema": "https://vega.github.io/schema/vega-lite/v4.17.0.json",
  "datasets": {
    "data-5c5e1dcd3e452dc88e2f9602244e6e63": [
      {"LONP": 24, "LATP": 54.9, "SURV": 340000, "DIR": "Advancing", "DIV": 1},
      {"LONP": 24.5, "LATP": 55, "SURV": 340000, "DIR": "Advancing", "DIV": 1},
      {
        "LONP": 25.5,
        "LATP": 54.5,
        "SURV": 340000,
        "DIR": "Advancing",
        "DIV": 1
      },
      {"LONP": 26, "LATP": 54.7, "SURV": 320000, "DIR": "Advancing", "DIV": 1},
      {"LONP": 27, "LATP": 54.8, "SURV": 300000, "DIR": "Advancing", "DIV": 1},
      {"LONP": 28, "LATP": 54.9, "SURV": 280000, "DIR": "Advancing", "DIV": 1},
      {"LONP": 28.5, "LATP": 55, "SURV": 240000, "DIR": "Advancing", "DIV": 1},
      {"LONP": 29, "LATP": 55.1, "SURV": 210000, "DIR": "Advancing", "DIV": 1},
      {"LONP": 30, "LATP": 55.2, "SURV": 180000, "DIR": "Advancing", "DIV": 1},
      {
        "LONP": 30.3,
        "LATP": 55.3,
        "SURV": 175000,
        "DIR": "Advancing",
        "DIV": 1
      },
      {"LONP": 32, "LATP": 54.8, "SURV": 145000, "DIR": "Advancing", "DIV": 1},
      {
        "LONP": 33.2,
        "LATP": 54.9,
        "SURV": 140000,
        "DIR": "Advancing",
        "DIV": 1
      },
      {
        "LONP": 34.4,
        "LATP": 55.5,
        "SURV": 127100,
        "DIR": "Advancing",
        "DIV": 1
      },
      {
        "LONP": 35.5,
        "LATP": 55.4,
        "SURV": 100000,
        "DIR": "Advancing",
        "DIV": 1
      },
      {"LONP": 36, "LATP": 55.5, "SURV": 100000, "DIR": "Advancing", "DIV": 1},
      {
        "LONP": 37.6,
        "LATP": 55.8,
        "SURV": 100000,
        "DIR": "Retreating",
        "DIV": 1
      },
      {
        "LONP": 37.5,
        "LATP": 55.7,
        "SURV": 98000,
        "DIR": "Retreating",
        "DIV": 1
      },
      {"LONP": 37, "LATP": 55, "SURV": 97000, "DIR": "Retreating", "DIV": 1},
      {"LONP": 36.8, "LATP": 55, "SURV": 96000, "DIR": "Retreating", "DIV": 1},
      {
        "LONP": 35.4,
        "LATP": 55.3,
        "SURV": 87000,
        "DIR": "Retreating",
        "DIV": 1
      },
      {
        "LONP": 34.3,
        "LATP": 55.2,
        "SURV": 55000,
        "DIR": "Retreating",
        "DIV": 1
      },
      {
        "LONP": 33.3,
        "LATP": 54.8,
        "SURV": 37000,
        "DIR": "Retreating",
        "DIV": 1
      },
      {"LONP": 32, "LATP": 54.6, "SURV": 24000, "DIR": "Retreating", "DIV": 1},
      {
        "LONP": 30.4,
        "LATP": 54.4,
        "SURV": 20000,
        "DIR": "Retreating",
        "DIV": 1
      },
      {
        "LONP": 29.2,
        "LATP": 54.4,
        "SURV": 20000,
        "DIR": "Retreating",
        "DIV": 1
      },
      {
        "LONP": 28.5,
        "LATP": 54.3,
        "SURV": 20000,
        "DIR": "Retreating",
        "DIV": 1
      },
      {
        "LONP": 28.3,
        "LATP": 54.4,
        "SURV": 20000,
        "DIR": "Retreating",
        "DIV": 1
      },
      {"LONP": 24, "LATP": 55.1, "SURV": 60000, "DIR": "Advancing", "DIV": 2},
      {"LONP": 24.5, "LATP": 55.2, "SURV": 60000, "DIR": "Advancing", "DIV": 2},
      {"LONP": 25.5, "LATP": 54.7, "SURV": 60000, "DIR": "Advancing", "DIV": 2},
      {"LONP": 26.6, "LATP": 55.7, "SURV": 40000, "DIR": "Advancing", "DIV": 2},
      {"LONP": 27.4, "LATP": 55.6, "SURV": 33000, "DIR": "Advancing", "DIV": 2},
      {
        "LONP": 28.7,
        "LATP": 55.5,
        "SURV": 30000,
        "DIR": "Retreating",
        "DIV": 2
      },
      {
        "LONP": 29.2,
        "LATP": 54.3,
        "SURV": 30000,
        "DIR": "Retreating",
        "DIV": 2
      },
      {
        "LONP": 28.5,
        "LATP": 54.2,
        "SURV": 30000,
        "DIR": "Retreating",
        "DIV": 2
      },
      {
        "LONP": 28.3,
        "LATP": 54.3,
        "SURV": 28000,
        "DIR": "Retreating",
        "DIV": 2
      },
      {
        "LONP": 27.5,
        "LATP": 54.5,
        "SURV": 20000,
        "DIR": "Retreating",
        "DIV": 2
      },
      {
        "LONP": 26.8,
        "LATP": 54.3,
        "SURV": 12000,
        "DIR": "Retreating",
        "DIV": 2
      },
      {
        "LONP": 26.4,
        "LATP": 54.4,
        "SURV": 14000,
        "DIR": "Retreating",
        "DIV": 2
      },
      {"LONP": 24.6, "LATP": 54.5, "SURV": 8000, "DIR": "Retreating", "DIV": 2},
      {"LONP": 24.4, "LATP": 54.4, "SURV": 4000, "DIR": "Retreating", "DIV": 2},
      {"LONP": 24.2, "LATP": 54.4, "SURV": 4000, "DIR": "Retreating", "DIV": 2},
      {"LONP": 24.1, "LATP": 54.3, "SURV": 4000, "DIR": "Retreating", "DIV": 2},
      {"LONP": 24, "LATP": 55.2, "SURV": 22000, "DIR": "Advancing", "DIV": 3},
      {"LONP": 24.5, "LATP": 55.3, "SURV": 22000, "DIR": "Advancing", "DIV": 3},
      {"LONP": 24.6, "LATP": 55.8, "SURV": 6000, "DIR": "Retreating", "DIV": 3},
      {"LONP": 24.2, "LATP": 54.4, "SURV": 6000, "DIR": "Retreating", "DIV": 3},
      {"LONP": 24.1, "LATP": 54.3, "SURV": 6000, "DIR": "Retreating", "DIV": 3}
    ],
    "data-09a84a2cca3e202a740f0b269ef96a7e": [
      {"LONC": 24, "LATC": 55, "CITY": "Kowno"},
      {"LONC": 25.3, "LATC": 54.7, "CITY": "Wilna"},
      {"LONC": 26.4, "LATC": 54.4, "CITY": "Smorgoni"},
      {"LONC": 26.8, "LATC": 54.3, "CITY": "Molodexno"},
      {"LONC": 27.7, "LATC": 55.2, "CITY": "Gloubokoe"},
      {"LONC": 27.6, "LATC": 53.9, "CITY": "Minsk"},
      {"LONC": 28.5, "LATC": 54.3, "CITY": "Studienska"},
      {"LONC": 28.7, "LATC": 55.5, "CITY": "Polotzk"},
      {"LONC": 29.2, "LATC": 54.4, "CITY": "Bobr"},
      {"LONC": 30.2, "LATC": 55.3, "CITY": "Witebsk"},
      {"LONC": 30.4, "LATC": 54.5, "CITY": "Orscha"},
      {"LONC": 30.4, "LATC": 53.9, "CITY": "Mohilow"},
      {"LONC": 32, "LATC": 54.8, "CITY": "Smolensk"},
      {"LONC": 33.2, "LATC": 54.9, "CITY": "Dorogobouge"},
      {"LONC": 34.3, "LATC": 55.2, "CITY": "Wixma"},
      {"LONC": 34.4, "LATC": 55.5, "CITY": "Chjat"},
      {"LONC": 36, "LATC": 55.5, "CITY": "Mojaisk"},
      {"LONC": 37.6, "LATC": 55.8, "CITY": "Moscou"},
      {"LONC": 36.6, "LATC": 55.3, "CITY": "Tarantino"},
      {"LONC": 36.5, "LATC": 55, "CITY": "Malo-jarosewli"}
    ]
  }
}