{
  "config": {
    "view": {
      "continuousWidth": 400,
      "continuousHeight": 300,
      "height": 500,
      "width": 1100
    }
  },
  "data": {"name": "data-df9dca1f0c9ecced22c8bcb321754de6"},
  "mark": "line",
  "encoding": {
    "x": {"field": "DATE", "type": "nominal"},
    "y": {"field": "TEMP", "type": "nominal"}
  },
  "$schema": "https://vega.github.io/schema/vega-lite/v4.17.0.json",
  "datasets": {
    "data-df9dca1f0c9ecced22c8bcb321754de6": [
      {"DATE": "18 Oct", "TEMP": "0"},
      {"DATE": "24 Oct", "TEMP": "0"},
      {"DATE": "9 Nov", "TEMP": "-9"},
      {"DATE": "14 Nov", "TEMP": "-21"},
      {"DATE": "24 Nov", "TEMP": "-11"},
      {"DATE": "28 Nov", "TEMP": "-20"},
      {"DATE": "1 Dec", "TEMP": "-24"},
      {"DATE": "6 Dec", "TEMP": "-30"},
      {"DATE": "7 Dec", "TEMP": "-26"}
    ]
  }
}